timestamp,accion,precio_eth_btc,eth_usado,btc_obtenido,btc_final
2024-04-17 06:00:00,Vender ETH,0.04839,0.02069108214359611,0.0010012414649286157,0.0010012414649286157
2024-04-17 09:00:00,Vender ETH,0.04863,0.020635644371983012,0.001003511385809534,0.001003511385809534
2024-04-17 12:00:00,Vender ETH,0.04864,0.020661136211849576,0.0010049576653443635,0.0010049576653443635
2024-04-17 14:00:00,Vender ETH,0.04866,0.020686654288685952,0.0010066125976874584,0.0010066125976874584
2024-04-17 18:00:00,Vender ETH,0.04924,0.020538922621657997,0.0010113365498904397,0.0010113365498904397
2024-04-17 21:00:00,Vender ETH,0.04892,0.020563980274307433,0.0010059899150191196,0.0010059899150191196
2024-04-18 01:00:00,Vender ETH,0.04871,0.020631458470449542,0.0010049583420955973,0.0010049583420955973
2024-04-18 04:00:00,Vender ETH,0.0489,0.020593408649499944,0.0010070176829605473,0.0010070176829605473
2024-04-18 07:00:00,Vender ETH,0.04863,0.02061448685692011,0.0010024824958520249,0.0010024824958520249
2024-04-19 00:00:00,Vender ETH,0.0485,0.02069178124696649,0.0010035513904778747,0.0010035513904778747
2024-04-19 03:00:00,Vender ETH,0.04822,0.020824888783520956,0.0010041761371413806,0.0010041761371413806
2024-04-19 05:00:00,Vender ETH,0.04834,0.02086382998423812,0.0010085575414380706,0.0010085575414380706
2024-04-19 08:00:00,Vender ETH,0.04814,0.020998491389508028,0.0010108673754909165,0.0010108673754909165
2024-04-19 13:00:00,Vender ETH,0.04773,0.021108109740883618,0.0010074900779323752,0.0010074900779323752
2024-04-19 18:00:00,Vender ETH,0.04792,0.021139112000259655,0.0010129862470524425,0.0010129862470524425
2024-04-19 21:00:00,Vender ETH,0.04813,0.02107314847207078,0.0010142506359607666,0.0010142506359607666
2024-04-20 01:00:00,Vender ETH,0.04793,0.021152255181663537,0.0010138275908571333,0.0010138275908571333
2024-04-20 06:00:00,Vender ETH,0.04785,0.021196479006003206,0.0010142515204372533,0.0010142515204372533
2024-04-20 08:00:00,Vender ETH,0.04785,0.021200909708136564,0.0010144635295343345,0.0010144635295343345
2024-04-20 11:00:00,Vender ETH,0.04783,0.02122752729722399,0.0010153126306262235,0.0010153126306262235
2024-04-20 17:00:00,Vender ETH,0.04838,0.021209789651686305,0.0010261296233485834,0.0010261296233485834
2024-04-20 19:00:00,Vender ETH,0.04853,0.021236126311022008,0.001030589209873898,0.001030589209873898
2024-04-21 01:00:00,Vender ETH,0.0485,0.021166342367506634,0.0010265676048240718,0.0010265676048240718
2024-04-21 04:00:00,Vender ETH,0.04881,0.021122790222717527,0.0010310033907708425,0.0010310033907708425
2024-04-21 09:00:00,Vender ETH,0.04883,0.021122790222717527,0.0010314258465752967,0.0010314258465752967
2024-04-21 14:00:00,Vender ETH,0.04852,0.021140107533824486,0.0010257180175411642,0.0010257180175411642
2024-04-21 19:00:00,Vender ETH,0.04861,0.021118345018348035,0.001026562751341898,0.001026562751341898
2024-04-22 00:00:00,Vender ETH,0.04856,0.021105319723312047,0.001024874325764033,0.001024874325764033
2024-04-22 04:00:00,Vender ETH,0.04859,0.02111401577593805,0.0010259300265528298,0.0010259300265528298
2024-04-22 08:00:00,Vender ETH,0.04858,0.021118362012203167,0.0010259300265528298,0.0010259300265528298
2024-04-22 12:00:00,Vender ETH,0.04855,0.021105328668027768,0.0010246637068327482,0.0010246637068327482
2024-04-22 15:00:00,Vender ETH,0.04823,0.021218962659613757,0.0010233905690731715,0.0010233905690731715
2024-04-22 18:00:00,Vender ETH,0.04812,0.021254217426234092,0.0010227529425503846,0.0010227529425503846
2024-04-22 20:00:00,Vender ETH,0.04796,0.02133847157417869,0.00102339309669761,0.00102339309669761
2024-04-23 00:00:00,Vender ETH,0.04802,0.021307372406779303,0.0010231800229735422,0.0010231800229735422
2024-04-23 04:00:00,Vender ETH,0.04794,0.021311810518090862,0.001021688196237276,0.001021688196237276
2024-04-23 08:00:00,Vender ETH,0.04786,0.021329607437103885,0.001020835011939792,0.001020835011939792
2024-04-23 17:00:00,Vender ETH,0.04849,0.02107856725046029,0.0010220997259748194,0.0010220997259748194
2024-04-23 19:00:00,Vender ETH,0.04841,0.0211352300656497,0.001023156487478102,0.001023156487478102
2024-04-23 22:00:00,Vender ETH,0.04846,0.021148335830469246,0.0010248483543445397,0.0010248483543445397
2024-04-24 01:00:00,Vender ETH,0.04853,0.02118768563871283,0.0010282383840467335,0.0010282383840467335
2024-04-24 08:00:00,Vender ETH,0.04888,0.021070458689482242,0.001029924020741892,0.001029924020741892
2024-04-24 14:00:00,Vender ETH,0.04926,0.020950447940233763,0.0010320190655359151,0.0010320190655359151
2024-04-24 17:00:00,Vender ETH,0.049,0.021001608985264857,0.001029078840277978,0.001029078840277978
2024-04-24 19:00:00,Vender ETH,0.04899,0.02109200328505796,0.0010332972409349895,0.0010332972409349895
2024-04-24 21:00:00,Vender ETH,0.04891,0.02113946892256525,0.0010339314250026664,0.0010339314250026664
2024-04-25 00:00:00,Vender ETH,0.04889,0.021156771536784663,0.0010343545604334023,0.0010343545604334023
2024-04-25 04:00:00,Vender ETH,0.04906,0.021130838823971446,0.0010366789527040392,0.0010366789527040392
2024-04-25 08:00:00,Vender ETH,0.04909,0.021100731787177675,0.001035834923432552,0.001035834923432552
2024-04-25 11:00:00,Vender ETH,0.04873,0.021126553608659025,0.0010294969573499543,0.0010294969573499543
2024-04-25 15:00:00,Vender ETH,0.04928,0.020928988764991958,0.0010313805663388037,0.0010313805663388037
2024-04-25 18:00:00,Vender ETH,0.049,0.02104428823380542,0.0010311701234564656,0.0010311701234564656
2024-04-25 20:00:00,Vender ETH,0.049,0.021083012133642724,0.0010330675945484935,0.0010330675945484935
2024-04-25 23:00:00,Vender ETH,0.04893,0.02112180728988946,0.0010334900306942913,0.0010334900306942913
2024-04-26 02:00:00,Vender ETH,0.04889,0.021126124911984696,0.0010328562469469318,0.0010328562469469318
2024-04-26 04:00:00,Vender ETH,0.04881,0.02116508702760106,0.0010330678978172077,0.0010330678978172077
2024-04-26 09:00:00,Vender ETH,0.04885,0.021173763021463572,0.0010343383235984955,0.0010343383235984955
2024-04-26 12:00:00,Vender ETH,0.0488,0.02123026115760459,0.0010360367444911041,0.0010360367444911041
2024-04-26 14:00:00,Vender ETH,0.04896,0.021238965651724152,0.0010398597583084145,0.0010398597583084145
2024-04-26 17:00:00,Vender ETH,0.04914,0.021199995072546676,0.0010417677578649438,0.0010417677578649438
2024-04-26 21:00:00,Vender ETH,0.0492,0.021191370176260046,0.0010426154126719942,0.0010426154126719942
2024-04-26 23:00:00,Vender ETH,0.04909,0.02124751197619715,0.0010430403629115182,0.0010430403629115182
2024-04-27 04:00:00,Vender ETH,0.04958,0.021071522483060972,0.0010447260847101629,0.0010447260847101629
2024-04-27 06:00:00,Vender ETH,0.04957,0.02111410842178987,0.0010466263544681238,0.0010466263544681238
2024-04-27 09:00:00,Vender ETH,0.04952,0.021122630766258806,0.001045992675545136,0.001045992675545136
2024-04-27 20:00:00,Vender ETH,0.05118,0.020477538675511667,0.0010480404294126871,0.0010480404294126871
2024-04-28 01:00:00,Vender ETH,0.05136,0.020433621162267247,0.0010494707828940459,0.0010494707828940459
2024-04-28 04:00:00,Vender ETH,0.0517,0.02030316856053484,0.0010496738145796512,0.0010496738145796512
2024-04-28 08:00:00,Vender ETH,0.05197,0.020224928989974012,0.0010510895596089495,0.0010510895596089495
2024-04-28 13:00:00,Vender ETH,0.05197,0.020248305906548827,0.0010523044579633426,0.0010523044579633426
2024-04-28 17:00:00,Vender ETH,0.05218,0.020190031810501583,0.0010535158598719725,0.0010535158598719725
2024-04-28 22:00:00,Vender ETH,0.05211,0.020240458402919742,0.0010547302873761477,0.0010547302873761477
2024-04-29 00:00:00,Vender ETH,0.05188,0.02040097267652123,0.0010584024624579215,0.0010584024624579215
2024-04-29 04:00:00,Vender ETH,0.05119,0.020424594026590536,0.0010455349682211696,0.0010455349682211696
2024-04-29 10:00:00,Vender ETH,0.05089,0.020436570919100266,0.0010400170940730125,0.0010400170940730125
2024-04-29 14:00:00,Vender ETH,0.05054,0.020488910442730743,0.0010355095337756118,0.0010355095337756118
2024-04-29 17:00:00,Vender ETH,0.05035,0.020509200510509244,0.0010326382457041404,0.0010326382457041404
2024-04-29 22:00:00,Vender ETH,0.05034,0.020464491591441546,0.0010301825067131674,0.0010301825067131674
2024-04-30 02:00:00,Vender ETH,0.05006,0.02050522505400413,0.0010264915662034468,0.0010264915662034468
2024-04-30 04:00:00,Vender ETH,0.05001,0.02054215661803976,0.0010273132524681683,0.0010273132524681683
2024-04-30 12:00:00,Vender ETH,0.04915,0.020550375124388245,0.0010100509373636823,0.0010100509373636823
2024-04-30 16:00:00,Vender ETH,0.0495,0.020508648474389487,0.0010151780994822797,0.0010151780994822797
2024-04-30 19:00:00,Vender ETH,0.0494,0.02052523452248847,0.0010139465854109304,0.0010139465854109304
2024-05-01 03:00:00,Vender ETH,0.04988,0.020331794373589944,0.0010141499033546665,0.0010141499033546665
2024-05-01 07:00:00,Vender ETH,0.04991,0.020438329370307668,0.0010200770188720557,0.0010200770188720557
2024-05-01 11:00:00,Vender ETH,0.05017,0.020356755515307436,0.001021298424202974,0.001021298424202974
2024-05-01 17:00:00,Vender ETH,0.05086,0.020151902608582756,0.001024925766672519,0.001024925766672519
2024-05-01 19:00:00,Vender ETH,0.05136,0.020191602968331737,0.0010370407284535181,0.0010370407284535181
2024-05-01 22:00:00,Vender ETH,0.05131,0.020227047561020443,0.001037849810355959,0.001037849810355959
2024-05-02 00:00:00,Vender ETH,0.05104,0.02037396565284568,0.0010398872069212436,0.0010398872069212436
2024-05-02 03:00:00,Vender ETH,0.05098,0.020438034727225697,0.001041931010393966,0.001041931010393966
2024-05-02 07:00:00,Vender ETH,0.05066,0.020466136523157846,0.0010368144762631765,0.0010368144762631765
2024-05-02 16:00:00,Vender ETH,0.05051,0.020266115642360763,0.001023641501095642,0.001023641501095642
2024-05-02 19:00:00,Vender ETH,0.05055,0.020322443936780666,0.0010272995410042626,0.0010272995410042626
2024-05-02 23:00:00,Vender ETH,0.05055,0.020266315663923114,0.0010244622568113134,0.0010244622568113134
2024-05-03 01:00:00,Vender ETH,0.05068,0.020274337162305825,0.0010275034073856592,0.0010275034073856592
2024-05-03 08:00:00,Vender ETH,0.05018,0.020310405364413107,0.0010191761411862499,0.0010191761411862499
2024-05-03 10:00:00,Vender ETH,0.05032,0.020318503612166066,0.0010224271017641965,0.0010224271017641965
2024-05-03 15:00:00,Vender ETH,0.04987,0.020338712985164042,0.0010142916165701307,0.0010142916165701307
2024-05-03 17:00:00,Vender ETH,0.04982,0.020391870055692214,0.0010159229661745861,0.0010159229661745861
2024-05-03 21:00:00,Vender ETH,0.04956,0.020461691161623084,0.0010140814139700401,0.0010140814139700401
2024-05-04 00:00:00,Vender ETH,0.04941,0.02049477392825465,0.0010126467797950624,0.0010126467797950624
2024-05-04 02:00:00,Vender ETH,0.04946,0.020498922667916242,0.0010138767151551373,0.0010138767151551373
2024-05-04 06:00:00,Vender ETH,0.04934,0.020507215112361192,0.0010118259936439012,0.0010118259936439012
2024-05-04 08:00:00,Vender ETH,0.0492,0.02057811660858046,0.0010124433371421586,0.0010124433371421586
2024-05-04 12:00:00,Vender ETH,0.04918,0.02059067189632212,0.0010126492438611218,0.0010126492438611218
2024-05-04 15:00:00,Vender ETH,0.04914,0.02062002125557161,0.001013267844498789,0.001013267844498789
2024-05-04 17:00:00,Vender ETH,0.0492,0.02062421828819029,0.0010147115397789624,0.0010147115397789624
2024-05-05 00:00:00,Vender ETH,0.04894,0.02067043267017646,0.0010116109748784358,0.0010116109748784358
2024-05-05 03:00:00,Vender ETH,0.04881,0.02072548606593804,0.0010116109748784358,0.0010116109748784358
2024-05-05 05:00:00,Vender ETH,0.04881,0.02074673861522633,0.001012648311809197,0.001012648311809197
2024-05-05 08:00:00,Vender ETH,0.04956,0.020755243119680203,0.001028629849011351,0.001028629849011351
2024-05-05 12:00:00,Vender ETH,0.04922,0.0208266825068101,0.0010250893129851932,0.0010250893129851932
2024-05-05 14:00:00,Vender ETH,0.0492,0.02088183566887743,0.0010273863149087696,0.0010273863149087696
2024-05-05 17:00:00,Vender ETH,0.04901,0.02094996563843331,0.0010267578159396165,0.0010267578159396165
2024-05-06 00:00:00,Vender ETH,0.04902,0.020903049998770698,0.0010246675109397397,0.0010246675109397397
2024-05-06 02:00:00,Vender ETH,0.04908,0.02090731505692185,0.0010261310229937243,0.0010261310229937243
2024-05-06 05:00:00,Vender ETH,0.04951,0.020915838218380032,0.0010355431501919954,0.0010355431501919954
2024-05-06 09:00:00,Vender ETH,0.04914,0.02093698241391014,0.0010288433158195443,0.0010288433158195443
2024-05-06 13:00:00,Vender ETH,0.04881,0.020971123437006613,0.0010236005349602928,0.0010236005349602928
2024-05-06 16:00:00,Vender ETH,0.04862,0.0210487463491732,0.0010233900474968009,0.0010233900474968009
2024-05-06 19:00:00,Vender ETH,0.04856,0.02108778173288277,0.0010240226809487875,0.0010240226809487875
2024-05-07 01:00:00,Vender ETH,0.04843,0.021092125251262358,0.001021491625918636,0.001021491625918636
2024-05-07 04:00:00,Vender ETH,0.04832,0.021183982287819078,0.0010236100241474179,0.0010236100241474179
2024-05-07 07:00:00,Vender ETH,0.04834,0.021197142765529465,0.0010246698812856943,0.0010246698812856943
2024-05-07 12:00:00,Vender ETH,0.04832,0.021105455845225423,0.0010198156264412924,0.0010198156264412924
2024-05-07 16:00:00,Vender ETH,0.04827,0.02112294172413613,0.001019604397024051,0.001019604397024051
2024-05-07 19:00:00,Vender ETH,0.04837,0.021127318628761934,0.0010219284020732149,0.0010219284020732149
2024-05-08 00:00:00,Vender ETH,0.04826,0.021127318628761934,0.001019604397024051,0.001019604397024051
2024-05-08 05:00:00,Vender ETH,0.04832,0.0211448444011624,0.0010217188814641673,0.0010217188814641673
2024-05-08 12:00:00,Vender ETH,0.04823,0.02117552085936098,0.0010212953710469802,0.0010212953710469802
2024-05-08 16:00:00,Vender ETH,0.04829,0.02115359094960605,0.0010215069069564762,0.0010215069069564762
2024-05-08 18:00:00,Vender ETH,0.04813,0.021228323087208564,0.0010217191901873482,0.0010217191901873482
2024-05-08 21:00:00,Vender ETH,0.04833,0.021316903613339207,0.0010302459516326838,0.0010302459516326838
2024-05-09 04:00:00,Vender ETH,0.04867,0.021189756306719126,0.0010313054394480198,0.0010313054394480198
2024-05-09 11:00:00,Vender ETH,0.04876,0.021172355562472177,0.0010323640572261433,0.0010323640572261433
2024-05-09 13:00:00,Vender ETH,0.0486,0.021250803977483395,0.001032789073305693,0.001032789073305693
2024-05-09 16:00:00,Vender ETH,0.0484,0.021281456280768454,0.0010300224839891931,0.0010300224839891931
2024-05-09 21:00:00,Vender ETH,0.0483,0.02125510697460159,0.0010266216668732568,0.0010266216668732568
2024-05-10 00:00:00,Vender ETH,0.04815,0.02127272413744834,0.0010242816672181377,0.0010242816672181377
2024-05-10 04:00:00,Vender ETH,0.04816,0.02125947835654084,0.001023856477651007,0.001023856477651007
2024-05-10 10:00:00,Vender ETH,0.04808,0.02122862280014528,0.0010206721842309849,0.0010206721842309849
2024-05-10 12:00:00,Vender ETH,0.04805,0.02126843476205428,0.0010219482903167081,0.0010219482903167081
2024-05-10 14:00:00,Vender ETH,0.04808,0.02131279020472801,0.0010247189530433226,0.0010247189530433226
2024-05-10 17:00:00,Vender ETH,0.04789,0.021392880021781267,0.001024505024243105,0.001024505024243105
2024-05-10 20:00:00,Vender ETH,0.04781,0.021433159502993824,0.0010247193558381347,0.0010247193558381347
2024-05-10 23:00:00,Vender ETH,0.04786,0.021469083508027124,0.001027510336694178,0.001027510336694178
2024-05-11 06:00:00,Vender ETH,0.04792,0.021437728702152683,0.0010272959594071565,0.0010272959594071565
2024-05-11 10:00:00,Vender ETH,0.04785,0.021455638249940612,0.0010266522902596582,0.0010266522902596582
2024-05-11 13:00:00,Vender ETH,0.0478,0.021460123124156735,0.001025793885334692,0.001025793885334692
2024-05-11 15:00:00,Vender ETH,0.04782,0.021500605435646445,0.001028158951932613,0.001028158951932613
2024-05-11 17:00:00,Vender ETH,0.04796,0.02151860510532886,0.0010320323008515722,0.0010320323008515722
2024-05-11 19:00:00,Vender ETH,0.04793,0.021545559516734283,0.001032678667637074,0.001032678667637074
2024-05-11 21:00:00,Vender ETH,0.04792,0.021554553697288124,0.001032894213174047,0.001032894213174047
2024-05-12 00:00:00,Vender ETH,0.04789,0.021572560843234063,0.0010331099387824794,0.0010331099387824794
2024-05-12 02:00:00,Vender ETH,0.04792,0.021590594331922248,0.001034621280385714,0.001034621280385714
2024-05-12 09:00:00,Vender ETH,0.0478,0.02158608972221394,0.0010318150887218265,0.0010318150887218265
2024-05-12 12:00:00,Vender ETH,0.0479,0.021545522838208948,0.0010320305439502086,0.0010320305439502086
2024-05-12 21:00:00,Vender ETH,0.04783,0.021550021798918535,0.0010307375426422734,0.0010307375426422734
2024-05-13 00:00:00,Vender ETH,0.04767,0.02155903665848721,0.0010277192775100853,0.0010277192775100853
2024-05-13 04:00:00,Vender ETH,0.04732,0.021627089173192032,0.001023393859675447,0.001023393859675447
2024-05-13 06:00:00,Vender ETH,0.04746,0.021659129305300465,0.0010279422768295601,0.0010279422768295601
2024-05-13 11:00:00,Vender ETH,0.04728,0.021695700228568177,0.0010257727068067035,0.0010257727068067035
2024-05-13 13:00:00,Vender ETH,0.04723,0.021737077914954512,0.0010266421899233016,0.0010266421899233016
2024-05-13 16:00:00,Vender ETH,0.0471,0.021824876486464747,0.0010279516825124897,0.0010279516825124897
2024-05-13 18:00:00,Vender ETH,0.04689,0.02195070857383066,0.0010292687250269196,0.0010292687250269196
2024-05-13 20:00:00,Vender ETH,0.04681,0.02199292147493418,0.001029488654241669,0.001029488654241669
2024-05-13 23:00:00,Vender ETH,0.04689,0.021978835487653052,0.0010305875960160515,0.0010305875960160515
2024-05-14 06:00:00,Vender ETH,0.047,0.02189943892936786,0.0010292736296802895,0.0010292736296802895
2024-05-14 15:00:00,Vender ETH,0.04692,0.021876166411908385,0.0010264297280467415,0.0010264297280467415
2024-05-14 18:00:00,Vender ETH,0.04701,0.021880829845379268,0.0010286178110312794,0.0010286178110312794
2024-05-15 01:00:00,Vender ETH,0.04677,0.02189480227823072,0.0010240199025528507,0.0010240199025528507
2024-05-15 03:00:00,Vender ETH,0.04686,0.021904169038563653,0.0010264293611470928,0.0010264293611470928
2024-05-15 11:00:00,Vender ETH,0.0464,0.021885487444500914,0.0010154866174248423,0.0010154866174248423
2024-05-15 14:00:00,Vender ETH,0.04614,0.021965966199974957,0.0010135096804668444,0.0010135096804668444
2024-05-15 19:00:00,Vender ETH,0.04583,0.022028030438314375,0.0010095446349879479,0.0010095446349879479
2024-05-15 23:00:00,Vender ETH,0.0458,0.022037647565770528,0.0010093242585122902,0.0010093242585122902
2024-05-16 03:00:00,Vender ETH,0.04568,0.022071381117697138,0.0010082206894564052,0.0010082206894564052
2024-05-20 19:00:00,Vender ETH,0.04912,0.021663289231040633,0.0010641007670287158,0.0010641007670287158
2024-05-21 00:00:00,Vender ETH,0.05175,0.020502904952383733,0.001061025331285858,0.001061025331285858
2024-05-21 03:00:00,Vender ETH,0.05188,0.020578458713845192,0.0010676104380742885,0.0010676104380742885
2024-05-21 06:00:00,Vender ETH,0.05154,0.02069413526021106,0.001066575731311278,0.001066575731311278
2024-05-21 09:00:00,Vender ETH,0.05186,0.02067007231223407,0.001071949950112459,0.001071949950112459
2024-05-21 19:00:00,Vender ETH,0.05357,0.019976704251070797,0.0010701520467298626,0.0010701520467298626
2024-05-22 01:00:00,Vender ETH,0.054,0.019806626813434435,0.0010695578479254595,0.0010695578479254595
2024-05-22 06:00:00,Vender ETH,0.05391,0.01985073956803006,0.0010701533701125004,0.0010701533701125004
2024-05-22 08:00:00,Vender ETH,0.0538,0.019913534985346117,0.0010713481822116212,0.0010713481822116212
2024-05-22 13:00:00,Vender ETH,0.0531,0.020092801616872116,0.0010669277658559094,0.0010669277658559094
2024-05-22 16:00:00,Vender ETH,0.05356,0.01997992070891216,0.0010701245531693354,0.0010701245531693354
2024-05-22 18:00:00,Vender ETH,0.05364,0.019991118123843365,0.001072323576162958,0.001072323576162958
2024-05-23 00:00:00,Vender ETH,0.05411,0.01979552475840794,0.0010711358446774536,0.0010711358446774536
2024-05-23 02:00:00,Vender ETH,0.05422,0.01980284423511654,0.0010737102144280188,0.0010737102144280188
2024-05-23 06:00:00,Vender ETH,0.05449,0.019799192595021553,0.0010788580045027244,0.0010788580045027244
2024-05-23 10:00:00,Vender ETH,0.05506,0.019730395107950337,0.0010863555546437454,0.0010863555546437454
2024-05-23 15:00:00,Vender ETH,0.05602,0.019514200730083447,0.0010931855248992746,0.0010931855248992746
2024-05-23 18:00:00,Vender ETH,0.05604,0.01952814442478161,0.0010943572135647614,0.0010943572135647614
2024-05-23 21:00:00,Vender ETH,0.05652,0.019757306617887008,0.0011166829700429736,0.0011166829700429736
2024-05-24 00:00:00,Vender ETH,0.05622,0.019830988635108748,0.0011148981810658138,0.0011148981810658138
2024-05-24 04:00:00,Vender ETH,0.05619,0.019827461872057865,0.0011141050825909313,0.0011141050825909313
2024-05-24 09:00:00,Vender ETH,0.0547,0.020113830702129108,0.0011002265394064621,0.0011002265394064621
2024-05-24 17:00:00,Vender ETH,0.05384,0.0199968473174566,0.0010766302595718634,0.0010766302595718634
2024-05-25 01:00:00,Vender ETH,0.05417,0.019882368597818348,0.0010770279069438199,0.0010770279069438199
2024-05-25 09:00:00,Vender ETH,0.05442,0.01971856292463969,0.001073084194358892,0.001073084194358892
2024-05-25 13:00:00,Vender ETH,0.0541,0.019758501092964318,0.0010689349091293696,0.0010689349091293696
2024-05-25 18:00:00,Vender ETH,0.05431,0.019740256862961582,0.0010720933502274435,0.0010720933502274435
2024-05-25 23:00:00,Vender ETH,0.05413,0.0197839702939185,0.0010709063120098083,0.0010709063120098083
2024-05-26 03:00:00,Vender ETH,0.0546,0.01974020851630983,0.0010778153849905169,0.0010778153849905169
2024-05-26 05:00:00,Vender ETH,0.05439,0.019831009843431772,0.0010786086253842541,0.0010786086253842541
2024-05-26 11:00:00,Vender ETH,0.05515,0.01961463221284332,0.001081746966538309,0.001081746966538309
2024-05-26 14:00:00,Vender ETH,0.05576,0.01961818945481155,0.001093910244000292,0.001093910244000292
2024-05-26 16:00:00,Vender ETH,0.05617,0.019646376508625933,0.0011035369684895186,0.0011035369684895186
2024-05-26 18:00:00,Vender ETH,0.05593,0.01974126956152985,0.0011041292065763644,0.0011041292065763644
2024-05-26 21:00:00,Vender ETH,0.05621,0.01964992359096573,0.0011045222050481839,0.0011045222050481839
2024-05-27 01:00:00,Vender ETH,0.05622,0.01973418268801472,0.0011094557507201877,0.0011094557507201877
2024-05-27 07:00:00,Vender ETH,0.05703,0.01948464613136965,0.001111209368872011,0.001111209368872011
2024-05-27 11:00:00,Vender ETH,0.057,0.01949148165009667,0.0011110144540555102,0.0011110144540555102
2024-05-27 22:00:00,Vender ETH,0.05588,0.01957734720802661,0.001093982161984527,0.001093982161984527
2024-05-28 01:00:00,Vender ETH,0.05608,0.019566842460821444,0.0010973085252028666,0.0010973085252028666
2024-05-28 10:00:00,Vender ETH,0.05686,0.0193154114628211,0.0010982742957760076,0.0010982742957760076
2024-05-28 16:00:00,Vender ETH,0.05648,0.01928150097921362,0.0010890191753059853,0.0010890191753059853
2024-05-28 19:00:00,Vender ETH,0.05612,0.019295166111020293,0.001082844722150459,0.001082844722150459
2024-05-28 21:00:00,Vender ETH,0.05619,0.0193020449581187,0.0010845819061966898,0.0010845819061966898
2024-05-29 04:00:00,Vender ETH,0.05625,0.019295177125007824,0.00108535371328169,0.00108535371328169
2024-05-29 09:00:00,Vender ETH,0.05606,0.019274617532972653,0.001080535058898447,0.001080535058898447
2024-05-29 18:00:00,Vender ETH,0.05575,0.019216344636287516,0.001071311213473029,0.001071311213473029
2024-05-29 21:00:00,Vender ETH,0.05581,0.01925779639534476,0.0010747776168241912,0.0010747776168241912
2024-05-30 01:00:00,Vender ETH,0.05569,0.019302758922848263,0.0010749706444134197,0.0010749706444134197
2024-05-30 03:00:00,Vender ETH,0.05566,0.01932010503978109,0.0010753570465142153,0.0010753570465142153
2024-05-30 05:00:00,Vender ETH,0.05554,0.019375802639895773,0.0010761320786198112,0.0010761320786198112
2024-05-30 08:00:00,Vender ETH,0.05518,0.019516359786358562,0.0010769127330112654,0.0010769127330112654
2024-05-30 11:00:00,Vender ETH,0.0551,0.019541149210873986,0.0010767173215191566,0.0010767173215191566
2024-05-30 15:00:00,Vender ETH,0.05511,0.019498683837724677,0.0010745724662970069,0.0010745724662970069
2024-05-30 18:00:00,Vender ETH,0.05501,0.019548343938457467,0.0010753544000545454,0.0010753544000545454
2024-05-30 21:00:00,Vender ETH,0.05484,0.01962325547544791,0.0010761393302735633,0.0010761393302735633
2024-05-31 03:00:00,Vender ETH,0.05487,0.019630414634687402,0.001077120851005298,0.001077120851005298
2024-05-31 06:00:00,Vender ETH,0.05477,0.019677034179855644,0.0010777111620306936,0.0010777111620306936
2024-05-31 08:00:00,Vender ETH,0.05482,0.019705817554044498,0.0010802729183127194,0.0010802729183127194
2024-05-31 14:00:00,Vender ETH,0.0559,0.01942238256585256,0.0010857111854311581,0.0010857111854311581
2024-05-31 16:00:00,Vender ETH,0.05588,0.019488622965915598,0.0010890242513353636,0.0010890242513353636
2024-05-31 20:00:00,Vender ETH,0.05605,0.01947120063177836,0.001091360795411177,0.001091360795411177
2024-06-01 01:00:00,Vender ETH,0.05574,0.019485106149101535,0.0010860998167509196,0.0010860998167509196
2024-06-01 08:00:00,Vender ETH,0.05611,0.019467643247014152,0.0010923294625899641,0.0010923294625899641
2024-06-01 11:00:00,Vender ETH,0.05599,0.019495439275209067,0.0010915496450189556,0.0010915496450189556
2024-06-01 17:00:00,Vender ETH,0.05616,0.01944681355814993,0.0010921330494257,0.0010921330494257
2024-06-01 19:00:00,Vender ETH,0.05614,0.01946414274506683,0.001092716973708052,0.001092716973708052
2024-06-02 00:00:00,Vender ETH,0.05651,0.01940538046009682,0.0010965980498000712,0.0010965980498000712
2024-06-02 04:00:00,Vender ETH,0.05629,0.01942600619663545,0.0010934898888086094,0.0010934898888086094
2024-06-02 06:00:00,Vender ETH,0.05624,0.01946404216462459,0.001094657731338487,0.001094657731338487
2024-06-02 10:00:00,Vender ETH,0.05599,0.01954048074506403,0.001094071516916135,0.001094071516916135
2024-06-02 12:00:00,Vender ETH,0.05576,0.01962812193965079,0.0010944640793549279,0.0010944640793549279
2024-06-02 14:00:00,Vender ETH,0.05577,0.019649265338508578,0.0010958395279286235,0.0010958395279286235
2024-06-02 18:00:00,Vender ETH,0.0557,0.019656314402307147,0.001094856712208508,0.001094856712208508
2024-06-02 23:00:00,Vender ETH,0.0558,0.019621088032410538,0.001094856712208508,0.001094856712208508
2024-06-03 02:00:00,Vender ETH,0.05565,0.019673975062147495,0.001094856712208508,0.001094856712208508
2024-06-03 04:00:00,Vender ETH,0.05572,0.019709391758929037,0.001098207308807526,0.001098207308807526
2024-06-03 14:00:00,Vender ETH,0.05481,0.019780391008781085,0.0010841632311912911,0.0010841632311912911
2024-06-03 16:00:00,Vender ETH,0.05458,0.019874669682700113,0.001084759471281772,0.001084759471281772
2024-06-03 20:00:00,Vender ETH,0.05457,0.019878311733219207,0.001084759471281772,0.001084759471281772
2024-06-04 01:00:00,Vender ETH,0.05454,0.019911150353923865,0.0010859541403030076,0.0010859541403030076
2024-06-04 05:00:00,Vender ETH,0.05455,0.019922108609484637,0.001086751024647387,0.001086751024647387
2024-06-04 10:00:00,Vender ETH,0.05468,0.019892934736360737,0.0010877456713842052,0.0010877456713842052
2024-06-04 17:00:00,Vender ETH,0.05404,0.01992208189348361,0.0010765893055238542,0.0010765893055238542
2024-06-04 19:00:00,Vender ETH,0.05396,0.01997382756073941,0.0010777877351774985,0.0010777877351774985
2024-06-04 22:00:00,Vender ETH,0.05404,0.019962728934571187,0.0010787858716242269,0.0010787858716242269
2024-06-05 03:00:00,Vender ETH,0.05371,0.019970119800522528,0.001072595134486065,0.001072595134486065
2024-06-05 06:00:00,Vender ETH,0.05364,0.020037271333571176,0.0010747992343327578,0.0010747992343327578
2024-06-05 08:00:00,Vender ETH,0.05363,0.020085950931279347,0.0010772095484445114,0.0010772095484445114
2024-06-05 10:00:00,Vender ETH,0.05359,0.020112202174094686,0.0010778129145097343,0.0010778129145097343
2024-06-05 16:00:00,Vender ETH,0.0533,0.02006726707335197,0.00106958533500966,0.00106958533500966
2024-06-05 22:00:00,Vender ETH,0.05414,0.01971222511997162,0.0010672198679952634,0.0010672198679952634
2024-06-06 02:00:00,Vender ETH,0.05436,0.019636060128707698,0.0010674162285965504,0.0010674162285965504
2024-06-06 09:00:00,Vender ETH,0.05425,0.019639673019255757,0.0010654522612946248,0.0010654522612946248
2024-06-06 15:00:00,Vender ETH,0.05393,0.019697767818351353,0.0010623006184436884,0.0010623006184436884
2024-06-06 18:00:00,Vender ETH,0.05392,0.019705075467328664,0.0010624976691983616,0.0010624976691983616
2024-06-06 22:00:00,Vender ETH,0.05377,0.019756371684610665,0.0010623001054815154,0.0010623001054815154
2024-06-07 07:00:00,Vender ETH,0.05366,0.019771079573450874,0.0010609161299113738,0.0010609161299113738
2024-06-07 11:00:00,Vender ETH,0.05347,0.01979321137894354,0.0010583430124321111,0.0010583430124321111
2024-06-07 14:00:00,Vender ETH,0.0535,0.01979691381279669,0.0010591348889846229,0.0010591348889846229
2024-06-07 19:00:00,Vender ETH,0.05324,0.0198191408866883,0.0010551710608072851,0.0010551710608072851
2024-06-08 00:00:00,Vender ETH,0.05312,0.019845233417477622,0.0010541787991364114,0.0010541787991364114
2024-06-08 03:00:00,Vender ETH,0.05313,0.019845233417477622,0.001054377251470586,0.001054377251470586
2024-06-08 06:00:00,Vender ETH,0.05315,0.01984896934244326,0.0010549727205508592,0.0010549727205508592
2024-06-08 12:00:00,Vender ETH,0.0531,0.019815415487431612,0.0010521985623826186,0.0010521985623826186
2024-06-08 17:00:00,Vender ETH,0.05309,0.01981168447340649,0.0010518023286931505,0.0010518023286931505
2024-06-08 22:00:00,Vender ETH,0.05302,0.019841583261519535,0.0010520007445257657,0.0010520007445257657
2024-06-09 03:00:00,Vender ETH,0.05305,0.019837841684438348,0.0010523975013594544,0.0010523975013594544
2024-06-09 09:00:00,Vender ETH,0.05319,0.019793069425605686,0.0010527933627479664,0.0010527933627479664
2024-06-09 11:00:00,Vender ETH,0.05325,0.019796791326588313,0.0010541791381408277,0.0010541791381408277
2024-06-09 14:00:00,Vender ETH,0.05313,0.019834038346958186,0.0010537824573738884,0.0010537824573738884
2024-06-09 16:00:00,Vender ETH,0.05313,0.019845244018340646,0.0010543778146944384,0.0010543778146944384
2024-06-09 18:00:00,Vender ETH,0.05313,0.01984897994530193,0.0010545763044938915,0.0010545763044938915
2024-06-09 20:00:00,Vender ETH,0.0531,0.01986767717584573,0.0010549736580374083,0.0010549736580374083
2024-06-10 04:00:00,Vender ETH,0.05298,0.019815433096119613,0.001049821645432417,0.001049821645432417
2024-06-10 08:00:00,Vender ETH,0.05289,0.019822916265717843,0.0010484340412938167,0.0010484340412938167
2024-06-10 10:00:00,Vender ETH,0.05296,0.019826664926131176,0.001050020174487907,0.001050020174487907
2024-06-10 12:00:00,Vender ETH,0.05299,0.019845401143222585,0.001051607806579365,0.001051607806579365
2024-06-10 15:00:00,Vender ETH,0.05286,0.01986789734705016,0.0010502170537650714,0.0010502170537650714
2024-06-10 18:00:00,Vender ETH,0.0528,0.019894242352056668,0.001050415996188592,0.001050415996188592
2024-06-10 21:00:00,Vender ETH,0.0528,0.01989801091472991,0.0010506149762977393,0.0010506149762977393
2024-06-11 00:00:00,Vender ETH,0.05276,0.01992064801474667,0.0010510133892580342,0.0010510133892580342
2024-06-11 05:00:00,Vender ETH,0.05245,0.020007869584200155,0.001049412759691298,0.001049412759691298
2024-06-11 07:00:00,Vender ETH,0.05231,0.020069090833645015,0.0010498141415079707,0.0010498141415079707
2024-06-11 17:00:00,Vender ETH,0.05201,0.01990546343397745,0.0010352831532011672,0.0010352831532011672
2024-06-11 21:00:00,Vender ETH,0.05195,0.019909291407714753,0.0010342876886307816,0.0010342876886307816
2024-06-12 00:00:00,Vender ETH,0.05197,0.019909291407714753,0.0010346858744589358,0.0010346858744589358
2024-06-12 02:00:00,Vender ETH,0.0519,0.01996306915799606,0.0010360832892999956,0.0010360832892999956
2024-06-12 12:00:00,Vender ETH,0.05248,0.019833141066232685,0.0010408432431558913,0.0010408432431558913
2024-06-12 16:00:00,Vender ETH,0.05195,0.019958643205290342,0.0010368515145148334,0.0010368515145148334
2024-06-12 19:00:00,Vender ETH,0.05226,0.019981721227882703,0.00104424475136915,0.00104424475136915
2024-06-12 22:00:00,Vender ETH,0.05225,0.020004688723546934,0.0010452449858053272,0.0010452449858053272
2024-06-13 03:00:00,Vender ETH,0.05192,0.02003920601620643,0.0010404355763614379,0.0010404355763614379
2024-06-13 07:00:00,Vender ETH,0.05179,0.020108921073858484,0.0010414410224151309,0.0010414410224151309
2024-06-13 13:00:00,Vender ETH,0.05179,0.020120576167216592,0.0010420446397001475,0.0010420446397001475
2024-06-13 16:00:00,Vender ETH,0.05181,0.020120576167216592,0.0010424470512234918,0.0010424470512234918
2024-06-14 00:00:00,Vender ETH,0.05206,0.019993230748436744,0.001040847592763617,0.001040847592763617
2024-06-14 04:00:00,Vender ETH,0.0524,0.019901483609246977,0.0010428377411245415,0.0010428377411245415
2024-06-14 09:00:00,Vender ETH,0.05252,0.019878721714154432,0.0010440304644273907,0.0010440304644273907
2024-06-14 15:00:00,Vender ETH,0.05215,0.019905251943324896,0.0010380588888443934,0.0010380588888443934
2024-06-14 19:00:00,Vender ETH,0.052,0.01991670930246342,0.0010356688837280979,0.0010356688837280979
2024-06-14 21:00:00,Vender ETH,0.05294,0.01995508446489591,0.0010564221715715896,0.0010564221715715896
2024-06-15 00:00:00,Vender ETH,0.05277,0.02001557733178457,0.0010562220157982719,0.0010562220157982719
2024-06-15 03:00:00,Vender ETH,0.05287,0.02006500789890334,0.0010608369676150197,0.0010608369676150197
2024-06-15 10:00:00,Vender ETH,0.05337,0.019858423205073375,0.0010598440464547661,0.0010598440464547661
2024-06-15 15:00:00,Vender ETH,0.05375,0.019721697924353666,0.0010600412634340095,0.0010600412634340095
2024-06-15 17:00:00,Vender ETH,0.05391,0.019729038962107006,0.0010635924904471886,0.0010635924904471886
2024-06-15 20:00:00,Vender ETH,0.0538,0.019751021178220772,0.0010626049393882776,0.0010626049393882776
2024-06-16 01:00:00,Vender ETH,0.05392,0.019714377354142443,0.0010629992269353605,0.0010629992269353605
2024-06-16 05:00:00,Vender ETH,0.05383,0.019736339155873757,0.0010624071367606844,0.0010624071367606844
2024-06-16 12:00:00,Vender ETH,0.05351,0.019769392198747383,0.0010578601765549726,0.0010578601765549726
2024-06-16 18:00:00,Vender ETH,0.05401,0.01960815897228865,0.00105903666609331,0.00105903666609331
2024-06-16 22:00:00,Vender ETH,0.05436,0.01959002342015002,0.0010649136731193552,0.0010649136731193552
2024-06-17 11:00:00,Vender ETH,0.05361,0.019593627840282523,0.001050414388517546,0.001050414388517546
2024-06-17 14:00:00,Vender ETH,0.05386,0.019593627840282523,0.0010553127954776166,0.0010553127954776166
2024-06-17 19:00:00,Vender ETH,0.05329,0.01972547281266573,0.0010511704461869567,0.0010511704461869567
2024-06-18 00:00:00,Vender ETH,0.05282,0.019855883003153697,0.0010487877402265782,0.0010487877402265782
2024-06-18 02:00:00,Vender ETH,0.05239,0.02003797745943023,0.0010497896390995497,0.0010497896390995497
2024-06-18 08:00:00,Vender ETH,0.05246,0.01998457336949457,0.001048390718963685,0.001048390718963685
2024-06-18 12:00:00,Vender ETH,0.05225,0.020003638980417574,0.0010451901367268181,0.0010451901367268181
2024-06-18 19:00:00,Vender ETH,0.05313,0.019810275525527256,0.0010525199386712631,0.0010525199386712631
2024-06-18 22:00:00,Vender ETH,0.05332,0.019765632651103534,0.0010539035329568405,0.0010539035329568405
2024-06-19 06:00:00,Vender ETH,0.05429,0.01936966610837788,0.001051579173023835,0.001051579173023835
2024-06-19 10:00:00,Vender ETH,0.05435,0.019387521626545633,0.0010537118004027553,0.0010537118004027553
2024-06-19 12:00:00,Vender ETH,0.05441,0.019423258993599177,0.0010568195218417311,0.0010568195218417311
2024-06-19 15:00:00,Vender ETH,0.05438,0.019430401210548467,0.0010566252178296257,0.0010566252178296257
2024-06-19 20:00:00,Vender ETH,0.05478,0.0193167315873789,0.0010581705563566161,0.0010581705563566161
2024-06-20 04:00:00,Vender ETH,0.05469,0.0192850475005762,0.0010546992478065126,0.0010546992478065126
2024-06-20 06:00:00,Vender ETH,0.05469,0.019299162814391813,0.0010554712143190882,0.0010554712143190882
2024-06-20 12:00:00,Vender ETH,0.05441,0.019327434798005645,0.0010516057273594873,0.0010516057273594873
2024-06-20 16:00:00,Vender ETH,0.0542,0.019395162806335065,0.0010512178241033605,0.0010512178241033605
2024-06-20 19:00:00,Vender ETH,0.05437,0.019405904081657016,0.001055099004919692,0.001055099004919692
2024-06-20 22:00:00,Vender ETH,0.05414,0.019481148539876144,0.0010547093819488944,0.0010547093819488944
2024-06-21 01:00:00,Vender ETH,0.05429,0.01953889184788615,0.0010607664384217391,0.0010607664384217391
2024-06-21 03:00:00,Vender ETH,0.05427,0.019585790960519555,0.0010629208754273961,0.0010629208754273961
2024-06-21 08:00:00,Vender ETH,0.05437,0.01956416115272218,0.0010637034418735048,0.0010637034418735048
2024-06-21 11:00:00,Vender ETH,0.05495,0.019439024888039197,0.0010681744175977538,0.0010681744175977538
2024-06-21 14:00:00,Vender ETH,0.05474,0.019499350449027997,0.0010673944435797926,0.0010673944435797926
2024-06-21 18:00:00,Vender ETH,0.05491,0.019535037400801473,0.0010726689036780089,0.0010726689036780089
2024-06-21 21:00:00,Vender ETH,0.0549,0.019545716174890832,0.0010730598180015067,0.0010730598180015067
2024-06-22 08:00:00,Vender ETH,0.0542,0.019559967517344273,0.0010601502394400595,0.0010601502394400595
2024-06-22 13:00:00,Vender ETH,0.05446,0.01950598416633044,0.0010622958976983557,0.0010622958976983557
2024-06-22 20:00:00,Vender ETH,0.05438,0.01949882337919155,0.0010603460153604364,0.0010603460153604364
2024-06-23 00:00:00,Vender ETH,0.05441,0.019477333125650927,0.001059761695366667,0.001059761695366667
2024-06-23 02:00:00,Vender ETH,0.05445,0.019480913517769614,0.0010607357410425554,0.0010607357410425554
2024-06-23 07:00:00,Vender ETH,0.05452,0.01943095330724593,0.0010593755743110481,0.0010593755743110481
2024-06-23 11:00:00,Vender ETH,0.05437,0.019455933412507773,0.0010578190996380476,0.0010578190996380476
2024-06-23 13:00:00,Vender ETH,0.0544,0.019459512502539508,0.0010585974801381492,0.0010585974801381492
2024-06-23 18:00:00,Vender ETH,0.05423,0.019502532795470692,0.0010576223534983756,0.0010576223534983756
2024-06-23 22:00:00,Vender ETH,0.05382,0.019625577166420032,0.0010562485630967262,0.0010562485630967262
2024-06-24 02:00:00,Vender ETH,0.05414,0.0195276125549404,0.0010572249437244732,0.0010572249437244732
2024-06-24 08:00:00,Vender ETH,0.05396,0.01954205071579433,0.001054489056624262,0.001054489056624262
2024-06-24 10:00:00,Vender ETH,0.05425,0.01956743471189946,0.0010615333331205458,0.0010615333331205458
2024-06-24 12:00:00,Vender ETH,0.05421,0.01959271563529985,0.001062121114589605,0.001062121114589605
2024-06-24 16:00:00,Vender ETH,0.05417,0.01967255259473245,0.0010656621740566569,0.0010656621740566569
2024-06-24 23:00:00,Vender ETH,0.0556,0.019201120253273096,0.0010675822860819841,0.0010675822860819841
2024-06-25 04:00:00,Vender ETH,0.05525,0.01926696058621159,0.0010644995723881902,0.0010644995723881902
2024-06-25 07:00:00,Vender ETH,0.05539,0.019312401530990387,0.0010697139208015575,0.0010697139208015575
2024-06-25 10:00:00,Vender ETH,0.05508,0.0194105229686365,0.0010691316051124984,0.0010691316051124984
2024-06-25 14:00:00,Vender ETH,0.05509,0.019389401616113498,0.0010681621350316925,0.0010681621350316925
2024-06-25 17:00:00,Vender ETH,0.05519,0.01938236499785325,0.001069712724231521,0.001069712724231521
2024-06-25 19:00:00,Vender ETH,0.0551,0.019456397312323043,0.0010720474919089997,0.0010720474919089997
2024-06-25 22:00:00,Vender ETH,0.05497,0.01951305955422278,0.0010726328836956262,0.0010726328836956262
2024-06-26 01:00:00,Vender ETH,0.055,0.019527268954954054,0.001073999792522473,0.001073999792522473
2024-06-26 04:00:00,Vender ETH,0.05491,0.019569967064913867,0.0010745868915344205,0.0010745868915344205
2024-06-26 10:00:00,Vender ETH,0.05507,0.019520197848036703,0.0010749772954913813,0.0010749772954913813
2024-06-26 16:00:00,Vender ETH,0.05473,0.01953083749075911,0.001068922735869246,0.001068922735869246
2024-06-27 01:00:00,Vender ETH,0.05535,0.019218315999087486,0.0010637337905494925,0.0010637337905494925
2024-06-27 06:00:00,Vender ETH,0.05554,0.019187117434153904,0.0010656525022929078,0.0010656525022929078
2024-06-27 10:00:00,Vender ETH,0.05555,0.0192009459872596,0.0010666125495922708,0.0010666125495922708
2024-06-27 14:00:00,Vender ETH,0.05586,0.01910122760731144,0.001066994574144417,0.001066994574144417
2024-06-27 17:00:00,Vender ETH,0.05597,0.019080732727904455,0.0010679486107808124,0.0010679486107808124
2024-06-27 19:00:00,Vender ETH,0.05614,0.019128579809794242,0.0010738784705218488,0.0010738784705218488
2024-06-27 21:00:00,Vender ETH,0.05603,0.01916955498967956,0.0010740701660717457,0.0010740701660717457
2024-06-28 01:00:00,Vender ETH,0.05612,0.019183249974490904,0.0010765639885684296,0.0010765639885684296
2024-06-28 03:00:00,Vender ETH,0.05596,0.019262193390023788,0.0010779123421057312,0.0010779123421057312
2024-06-28 06:00:00,Vender ETH,0.05608,0.019251872514837134,0.0010796450106320664,0.0010796450106320664
2024-06-28 08:00:00,Vender ETH,0.05594,0.01930350457057154,0.001079838045677772,0.001079838045677772
2024-06-28 10:00:00,Vender ETH,0.056,0.01931386238021413,0.0010815762932919913,0.0010815762932919913
2024-06-28 12:00:00,Vender ETH,0.05604,0.019324214638055948,0.0010829289883166552,0.0010829289883166552
2024-06-28 19:00:00,Vender ETH,0.0562,0.01933456504761034,0.001086602555675701,0.001086602555675701
2024-06-28 23:00:00,Vender ETH,0.05593,0.019386307862189135,0.0010842761987322383,0.0010842761987322383
2024-06-29 04:00:00,Vender ETH,0.05575,0.01943844027845533,0.0010836930455238847,0.0010836930455238847
2024-06-29 09:00:00,Vender ETH,0.05567,0.019452397155338086,0.0010829149496376712,0.0010829149496376712
2024-06-29 15:00:00,Vender ETH,0.05556,0.019455892016487085,0.0010809693604360224,0.0010809693604360224
2024-06-29 17:00:00,Vender ETH,0.05553,0.019469909229755448,0.0010811640595283201,0.0010811640595283201
2024-06-29 21:00:00,Vender ETH,0.0555,0.019476924149312198,0.001080969290286827,0.001080969290286827
2024-06-30 00:00:00,Vender ETH,0.05549,0.01951560372426118,0.001082920850659253,0.001082920850659253
2024-06-30 03:00:00,Vender ETH,0.05537,0.01955789869350285,0.001082920850659253,0.001082920850659253
2024-06-30 05:00:00,Vender ETH,0.05541,0.019561431550925813,0.0010838989222367993,0.0010838989222367993
2024-06-30 11:00:00,Vender ETH,0.05507,0.019582636354775054,0.0010784157840574623,0.0010784157840574623
2024-06-30 14:00:00,Vender ETH,0.05509,0.01959331003011378,0.001079395449558968,0.001079395449558968
2024-06-30 17:00:00,Vender ETH,0.0553,0.019596867275943505,0.0010837067603596759,0.0010837067603596759
2024-06-30 19:00:00,Vender ETH,0.05528,0.0196359260800811,0.0010854739937068833,0.0010854739937068833
2024-07-01 01:00:00,Vender ETH,0.05528,0.019667946977838073,0.0010872441089348887,0.0010872441089348887
2024-07-01 07:00:00,Vender ETH,0.05516,0.019692883697425986,0.0010862594647500173,0.0010862594647500173
2024-07-01 11:00:00,Vender ETH,0.05521,0.01963592669468578,0.001084099512813602,0.001084099512813602
2024-07-01 14:00:00,Vender ETH,0.05523,0.019639483927782645,0.0010846886973314355,0.0010846886973314355
2024-07-01 19:00:00,Vender ETH,0.05488,0.019710861299862537,0.001081732068136456,0.001081732068136456
2024-07-01 21:00:00,Vender ETH,0.05481,0.019757663344958102,0.0010829175279371535,0.0010829175279371535
2024-07-01 23:00:00,Vender ETH,0.05473,0.019808259153780015,0.0010841060234863802,0.0010841060234863802
2024-07-02 04:00:00,Vender ETH,0.05479,0.01979379265083769,0.001084501899339397,0.001084501899339397
2024-07-02 07:00:00,Vender ETH,0.05491,0.019772140370818543,0.0010856882277616461,0.0010856882277616461
2024-07-02 13:00:00,Vender ETH,0.0549,0.019754152615750475,0.001084502978604701,0.001084502978604701
2024-07-02 19:00:00,Vender ETH,0.05515,0.01967887821819454,0.0010852901337334289,0.0010852901337334289
2024-07-03 00:00:00,Vender ETH,0.05514,0.01968244711159646,0.0010852901337334289,0.0010852901337334289
2024-07-03 02:00:00,Vender ETH,0.05512,0.019707465657044287,0.0010862755070162812,0.0010862755070162812
2024-07-03 04:00:00,Vender ETH,0.0552,0.019711041680571244,0.0010880495007675327,0.0010880495007675327
2024-07-03 06:00:00,Vender ETH,0.05525,0.019743231732308703,0.0010908135532100558,0.0010908135532100558
2024-07-03 08:00:00,Vender ETH,0.05518,0.019804167632717064,0.0010927939699733277,0.0010927939699733277
2024-07-03 12:00:00,Vender ETH,0.0548,0.01981853409454711,0.0010860556683811816,0.0010860556683811816
2024-07-03 14:00:00,Vender ETH,0.05485,0.01983301074472574,0.001087840639348207,0.001087840639348207
2024-07-03 18:00:00,Vender ETH,0.0549,0.01984748475366187,0.0010896269129760366,0.0010896269129760366
2024-07-03 21:00:00,Vender ETH,0.05473,0.01990549713145847,0.0010894278580047222,0.0010894278580047222
2024-07-04 00:00:00,Vender ETH,0.05474,0.019905497131458474,0.0010896269129760368,0.0010896269129760368
2024-07-04 03:00:00,Vender ETH,0.05486,0.01990186142421985,0.001091816117732701,0.001091816117732701
2024-07-04 07:00:00,Vender ETH,0.05465,0.019941846899227414,0.0010898219330427782,0.0010898219330427782
2024-07-04 12:00:00,Vender ETH,0.05471,0.01989452232644721,0.001088429316479927,0.001088429316479927
2024-07-04 17:00:00,Vender ETH,0.05398,0.01998951912727139,0.0010790342424901096,0.0010790342424901096
2024-07-04 20:00:00,Vender ETH,0.05389,0.020045220926808646,0.0010802369557457179,0.0010802369557457179
2024-07-05 00:00:00,Vender ETH,0.05411,0.020045220926808643,0.0010846469043496157,0.0010846469043496157
2024-07-05 03:00:00,Vender ETH,0.05289,0.020640283622257196,0.001091664600781183,0.001091664600781183
2024-07-05 07:00:00,Vender ETH,0.05296,0.0206168951988892,0.001091870769733172,0.001091870769733172
2024-07-05 09:00:00,Vender ETH,0.05288,0.020706822866170527,0.0010949767931630976,0.0010949767931630976
2024-07-05 17:00:00,Vender ETH,0.05296,0.02057067054599094,0.00108942271211568,0.00108942271211568
2024-07-05 23:00:00,Vender ETH,0.05264,0.02058621904980499,0.0010836585707817345,0.0010836585707817345
2024-07-06 02:00:00,Vender ETH,0.05282,0.020562781229254926,0.0010861261045292453,0.0010861261045292453
2024-07-06 06:00:00,Vender ETH,0.05304,0.020593972402905673,0.0010923042962501168,0.0010923042962501168
2024-07-06 10:00:00,Vender ETH,0.053,0.020636771136408782,0.0010937488702296653,0.0010937488702296653
2024-07-06 16:00:00,Vender ETH,0.05273,0.020644561536988775,0.001088587729845418,0.001088587729845418
2024-07-06 18:00:00,Vender ETH,0.05286,0.02067985808976858,0.001093137298625167,0.001093137298625167
2024-07-07 02:00:00,Vender ETH,0.05256,0.020687685439537605,0.0010873447467020965,0.0010873447467020965
2024-07-07 10:00:00,Vender ETH,0.05241,0.02067588413580712,0.0010836230875576512,0.0010836230875576512
2024-07-07 15:00:00,Vender ETH,0.05227,0.020723333095384416,0.0010832086208957432,0.0010832086208957432
2024-07-07 20:00:00,Vender ETH,0.05236,0.02069957234656494,0.00108382960806614,0.00108382960806614
2024-07-07 23:00:00,Vender ETH,0.05246,0.02072331946589178,0.0010871453391806828,0.0010871453391806828
2024-07-08 02:00:00,Vender ETH,0.05217,0.020754970201998523,0.001082786795438263,0.001082786795438263
2024-07-08 07:00:00,Vender ETH,0.05241,0.02067570737900063,0.001083613823733423,0.001083613823733423
2024-07-08 15:00:00,Vender ETH,0.05325,0.020315219792527615,0.0010817854539520956,0.0010817854539520956
2024-07-08 18:00:00,Vender ETH,0.05316,0.020319035573856038,0.001080159931106187,0.001080159931106187
2024-07-09 00:00:00,Vender ETH,0.05349,0.020242877269606205,0.001082791505151236,0.001082791505151236
2024-07-09 07:00:00,Vender ETH,0.05362,0.02019379905168288,0.001082791505151236,0.001082791505151236
2024-07-09 09:00:00,Vender ETH,0.05363,0.02022397282688151,0.0010846116627056554,0.0010846116627056554
2024-07-09 19:00:00,Vender ETH,0.05304,0.020250404456789682,0.0010740814523881247,0.0010740814523881247
2024-07-09 23:00:00,Vender ETH,0.05283,0.020254223126308216,0.001070030607762863,0.001070030607762863
2024-07-10 01:00:00,Vender ETH,0.05294,0.020281095674049718,0.001073681204984192,0.001073681204984192
2024-07-10 05:00:00,Vender ETH,0.05261,0.0202849273565878,0.001067190028230084,0.001067190028230084
2024-07-10 07:00:00,Vender ETH,0.05253,0.02032355795524822,0.001067596499389189,0.001067596499389189
2024-07-10 15:00:00,Vender ETH,0.05411,0.01987335255750538,0.001075347106886616,0.001075347106886616
2024-07-10 19:00:00,Vender ETH,0.05413,0.019884376976453698,0.0010763413257354386,0.0010763413257354386
2024-07-11 00:00:00,Vender ETH,0.05382,0.019954418348821626,0.0010739467955335799,0.0010739467955335799
2024-07-11 02:00:00,Vender ETH,0.05365,0.02004754145106552,0.0010755505988496652,0.0010755505988496652
2024-07-11 05:00:00,Vender ETH,0.05342,0.020118791598385057,0.0010747458471857298,0.0010747458471857298
2024-07-11 12:00:00,Vender ETH,0.05427,0.019972976160299756,0.0010839334162194678,0.0010839334162194678
2024-07-11 18:00:00,Vender ETH,0.05426,0.01995826581144297,0.0010829355029288957,0.0010829355029288957
2024-07-11 22:00:00,Vender ETH,0.05412,0.02000250282469331,0.0010825354528724018,0.0010825354528724018
2024-07-12 00:00:00,Vender ETH,0.0541,0.02002470316079175,0.0010833364409988337,0.0010833364409988337
2024-07-12 03:00:00,Vender ETH,0.05421,0.019995135492780244,0.0010839362950636172,0.0010839362950636172
2024-07-12 10:00:00,Vender ETH,0.05371,0.0200432007223302,0.001076520310796355,0.001076520310796355
2024-07-12 13:00:00,Vender ETH,0.05391,0.020061876831836658,0.0010815357800043142,0.0010815357800043142
2024-07-12 16:00:00,Vender ETH,0.05402,0.020106632831461503,0.0010861603055555503,0.0010861603055555503
2024-07-12 19:00:00,Vender ETH,0.05411,0.020151397134611324,0.0010903920989538186,0.0010903920989538186
2024-07-12 21:00:00,Vender ETH,0.05415,0.020184970361973687,0.0010930161451008751,0.0010930161451008751
2024-07-12 23:00:00,Vender ETH,0.05413,0.02019989179635696,0.0010934201429368023,0.0010934201429368023
2024-07-13 05:00:00,Vender ETH,0.05396,0.020218567731819567,0.0010909939148089837,0.0010909939148089837
2024-07-13 08:00:00,Vender ETH,0.05401,0.020207333113705938,0.0010913980614712577,0.0010913980614712577
2024-07-13 10:00:00,Vender ETH,0.05405,0.020222309829002368,0.001093015846257578,0.001093015846257578
2024-07-13 13:00:00,Vender ETH,0.0538,0.020267306624468347,0.001090381096396397,0.001090381096396397
2024-07-13 16:00:00,Vender ETH,0.05376,0.02032397197383778,0.001092616733313519,0.001092616733313519
2024-07-13 19:00:00,Vender ETH,0.05395,0.02032397197383778,0.0010964782879885483,0.0010964782879885483
2024-07-14 01:00:00,Vender ETH,0.05338,0.0203277398588904,0.0010850947536675695,0.0010850947536675695
2024-07-14 06:00:00,Vender ETH,0.05329,0.020335358951791033,0.001083671278540944,0.001083671278540944
2024-07-14 08:00:00,Vender ETH,0.05334,0.020369760874829775,0.0010865230450634203,0.0010865230450634203
2024-07-14 12:00:00,Vender ETH,0.05352,0.020358310756294178,0.0010895767916768643,0.0010895767916768643
2024-07-14 16:00:00,Vender ETH,0.05318,0.0204231825993789,0.0010861048506349699,0.0010861048506349699
2024-07-14 19:00:00,Vender ETH,0.05327,0.020457804683273118,0.001089787255477959,0.001089787255477959
2024-07-14 22:00:00,Vender ETH,0.05334,0.02046164580319112,0.0010914241871422142,0.0010914241871422142
2024-07-15 02:00:00,Vender ETH,0.05333,0.020473160516642545,0.001091833650352547,0.001091833650352547
2024-07-15 04:00:00,Vender ETH,0.0533,0.02054249577333108,0.0010949150247185466,0.0010949150247185466
2024-07-15 06:00:00,Vender ETH,0.05327,0.020612105134008782,0.0010980068404886478,0.0010980068404886478
2024-07-15 09:00:00,Vender ETH,0.05345,0.020588915066353793,0.0011004775102966102,0.0011004775102966102
2024-07-15 11:00:00,Vender ETH,0.05348,0.020623641497312786,0.0011029523472762877,0.0011029523472762877
2024-07-15 15:00:00,Vender ETH,0.05343,0.02065067117162119,0.0011033653606997201,0.0011033653606997201
2024-07-15 19:00:00,Vender ETH,0.05375,0.020627507210688355,0.0011087285125744991,0.0011087285125744991
2024-07-15 22:00:00,Vender ETH,0.05398,0.020589201719117902,0.0011114051087979843,0.0011114051087979843
2024-07-16 03:00:00,Vender ETH,0.05358,0.02065424844448958,0.0011066546316557517,0.0011066546316557517
2024-07-16 08:00:00,Vender ETH,0.05373,0.02060809369936223,0.0011072728744667326,0.0011072728744667326
2024-07-16 10:00:00,Vender ETH,0.05374,0.020611929904444017,0.0011076851130648216,0.0011076851130648216
2024-07-16 13:00:00,Vender ETH,0.05355,0.02065035632111897,0.001105826580995921,0.001105826580995921
2024-07-16 15:00:00,Vender ETH,0.05359,0.02067738558331939,0.001108101093410086,0.001108101093410086
2024-07-16 21:00:00,Vender ETH,0.05327,0.02067352786212847,0.0011012788292155836,0.0011012788292155836
2024-07-17 01:00:00,Vender ETH,0.05303,0.020747528809637972,0.0011002414527751018,0.0011002414527751018
2024-07-17 04:00:00,Vender ETH,0.05309,0.020759272693869846,0.0011021097873175501,0.0011021097873175501
2024-07-17 07:00:00,Vender ETH,0.05342,0.020700784885754133,0.0011058359285969859,0.0011058359285969859
2024-07-17 09:00:00,Vender ETH,0.05345,0.020704660711420818,0.0011066641150254426,0.0011066641150254426
2024-07-17 12:00:00,Vender ETH,0.05338,0.020712410911949142,0.001105628494479845,0.001105628494479845
2024-07-17 17:00:00,Vender ETH,0.05303,0.02077077765320017,0.0011014743389492051,0.0011014743389492051
2024-07-17 20:00:00,Vender ETH,0.05293,0.020786456670111437,0.0011002271515489982,0.0011002271515489982
2024-07-17 23:00:00,Vender ETH,0.05286,0.020829745390931433,0.0011010603413646354,0.0011010603413646354
2024-07-18 02:00:00,Vender ETH,0.05293,0.02080612889955849,0.0011012684026536308,0.0011012684026536308
2024-07-18 04:00:00,Vender ETH,0.05294,0.02082186429672208,0.0011023094958684668,0.0011023094958684668
2024-07-18 06:00:00,Vender ETH,0.05306,0.020845489710069342,0.0011060616840162794,0.0011060616840162794
2024-07-18 10:00:00,Vender ETH,0.05331,0.02078282006794963,0.0011079321378223948,0.0011079321378223948
2024-07-18 16:00:00,Vender ETH,0.05352,0.020654961555227346,0.0011054535424357675,0.0011054535424357675
2024-07-18 18:00:00,Vender ETH,0.05361,0.020666545941966114,0.0011079335279488033,0.0011079335279488033
2024-07-18 21:00:00,Vender ETH,0.05359,0.020674258778667725,0.0011079335279488033,0.0011079335279488033
2024-07-19 05:00:00,Vender ETH,0.05337,0.020689701735738624,0.0011042093816363704,0.0011042093816363704
2024-07-19 19:00:00,Vender ETH,0.05246,0.020740221292944595,0.0010880320090278736,0.0010880320090278736
2024-07-19 21:00:00,Vender ETH,0.05249,0.02078380150960599,0.0010909417412392184,0.0010909417412392184
2024-07-20 01:00:00,Vender ETH,0.05251,0.020756121408660927,0.0010899039351687852,0.0010899039351687852
2024-07-20 04:00:00,Vender ETH,0.05263,0.020764030008930942,0.0010928108993700355,0.0010928108993700355
2024-07-20 08:00:00,Vender ETH,0.05242,0.020791683777968712,0.00108990006364112,0.00108990006364112
2024-07-20 10:00:00,Vender ETH,0.05245,0.02082744245444525,0.0010923993567356534,0.0010923993567356534
2024-07-20 12:00:00,Vender ETH,0.05253,0.020839362013270763,0.001094691686557113,0.001094691686557113
2024-07-20 14:00:00,Vender ETH,0.05253,0.020867169015575927,0.0010961523883882035,0.0010961523883882035
2024-07-20 20:00:00,Vender ETH,0.05231,0.020902982234710214,0.0010934350006976913,0.0010934350006976913
2024-07-20 23:00:00,Vender ETH,0.0524,0.020879033811298287,0.0010940613717120302,0.0010940613717120302
2024-07-21 03:00:00,Vender ETH,0.05226,0.02091895548206559,0.0010932246134927478,0.0010932246134927478
2024-07-21 06:00:00,Vender ETH,0.05226,0.0209349791936566,0.001094062012660494,0.001094062012660494
2024-07-21 09:00:00,Vender ETH,0.05228,0.02094700388015497,0.0010951093628545018,0.0010951093628545018
2024-07-21 22:00:00,Vender ETH,0.05196,0.020938993553623362,0.00108799010504627,0.00108799010504627
2024-07-22 00:00:00,Vender ETH,0.05195,0.02097128190143157,0.00108945809477937,0.00108945809477937
2024-07-22 07:00:00,Vender ETH,0.05175,0.02098339936015736,0.0010858909168881433,0.0010858909168881433
2024-07-22 14:00:00,Vender ETH,0.0517,0.021011821147216395,0.0010863111533110877,0.0010863111533110877
2024-07-22 18:00:00,Vender ETH,0.0515,0.021077049928426225,0.0010854680713139506,0.0010854680713139506
2024-07-23 00:00:00,Vender ETH,0.05141,0.021163347071825905,0.0010880076729625698,0.0010880076729625698
2024-07-23 04:00:00,Vender ETH,0.05161,0.021109966491318775,0.001089485370616962,0.001089485370616962
2024-07-23 07:00:00,Vender ETH,0.05189,0.021040659919215183,0.001091799843208076,0.001091799843208076
2024-07-23 11:00:00,Vender ETH,0.05273,0.02075270563026185,0.0010942901678837073,0.0010942901678837073
2024-07-23 17:00:00,Vender ETH,0.05198,0.021019788088430795,0.0010926085848366326,0.0010926085848366326
2024-07-23 22:00:00,Vender ETH,0.05283,0.02075229980696358,0.001096343998801886,0.001096343998801886
2024-07-24 04:00:00,Vender ETH,0.05224,0.02075622867856657,0.0010843053861683176,0.0010843053861683176
2024-07-24 09:00:00,Vender ETH,0.05211,0.02076417821080654,0.0010820213265651287,0.0010820213265651287
2024-07-24 15:00:00,Vender ETH,0.05159,0.02075621190418432,0.001070812972136869,0.001070812972136869
2024-07-24 18:00:00,Vender ETH,0.05144,0.020780379820238094,0.0010689427379530477,0.0010689427379530477
2024-07-24 22:00:00,Vender ETH,0.051,0.020869635649219984,0.001064351418110219,0.001064351418110219
2024-07-25 04:00:00,Vender ETH,0.04958,0.020964179990352945,0.001039404043921699,0.001039404043921699
2024-07-25 07:00:00,Vender ETH,0.04946,0.020985343103607897,0.0010379350699044464,0.0010379350699044464
2024-07-25 09:00:00,Vender ETH,0.04939,0.021032118944365682,0.0010387763546622212,0.0010387763546622212
2024-07-25 13:00:00,Vender ETH,0.04927,0.021139119956496158,0.0010415244402565656,0.0010415244402565656
2024-07-25 16:00:00,Vender ETH,0.04865,0.02128600940642889,0.0010355643576227655,0.0010355643576227655
2024-07-25 19:00:00,Vender ETH,0.0483,0.021458026473741516,0.0010364226786817154,0.0010364226786817154
2024-07-25 23:00:00,Vender ETH,0.04826,0.021475811825149512,0.0010364226786817154,0.0010364226786817154
2024-07-26 02:00:00,Vender ETH,0.04844,0.021547249037041902,0.0010437487433543097,0.0010437487433543097
2024-07-26 04:00:00,Vender ETH,0.04851,0.021618656656054464,0.001048721034385202,0.001048721034385202
2024-07-26 14:00:00,Vender ETH,0.04813,0.021529891898690246,0.0010362336970839616,0.0010362336970839616
2024-07-26 17:00:00,Vender ETH,0.0482,0.02151201364093755,0.0010368790574931898,0.0010368790574931898
2024-07-26 20:00:00,Vender ETH,0.04826,0.02153435218054392,0.0010392478362330495,0.0010392478362330495
2024-07-26 22:00:00,Vender ETH,0.04827,0.021632969113926925,0.0010442234191292527,0.0010442234191292527
2024-07-27 04:00:00,Vender ETH,0.04796,0.021650910618479218,0.0010383776732622633,0.0010383776732622633
2024-07-27 06:00:00,Vender ETH,0.04803,0.02165994312186615,0.0010403270681432313,0.0010403270681432313
2024-07-27 11:00:00,Vender ETH,0.04807,0.021641919453780554,0.0010403270681432313,0.0010403270681432313
2024-07-27 14:00:00,Vender ETH,0.04799,0.021705133906597774,0.001041629376177627,0.001041629376177627
2024-07-27 19:00:00,Vender ETH,0.04779,0.02185542123746595,0.0010444705809384976,0.0010444705809384976
2024-07-27 22:00:00,Vender ETH,0.04773,0.021905842721025536,0.0010455658730745489,0.0010455658730745489
2024-07-28 02:00:00,Vender ETH,0.04772,0.0218874999596933,0.001044471498076564,0.001044471498076564
2024-07-28 04:00:00,Vender ETH,0.04778,0.0219150545127269,0.0010471013046180913,0.0010471013046180913
2024-07-28 07:00:00,Vender ETH,0.04777,0.021933416519021604,0.001047759307113662,0.001047759307113662
2024-07-28 12:00:00,Vender ETH,0.04809,0.021823772278976507,0.0010495052088959802,0.0010495052088959802
2024-07-28 19:00:00,Vender ETH,0.04804,0.021751403293180937,0.0010449374142044122,0.0010449374142044122
2024-07-28 21:00:00,Vender ETH,0.04797,0.02179677543188177,0.0010455913174673686,0.0010455913174673686
2024-07-29 02:00:00,Vender ETH,0.04789,0.02181496593923156,0.0010447187188297993,0.0010447187188297993
2024-07-29 05:00:00,Vender ETH,0.04834,0.02167466221638588,0.0010477531715400933,0.0010477531715400933
2024-07-29 08:00:00,Vender ETH,0.04855,0.021634383058849748,0.0010503492975071553,0.0010503492975071553
2024-07-29 14:00:00,Vender ETH,0.04876,0.021607679438534363,0.0010535904494229356,0.0010535904494229356
2024-07-29 16:00:00,Vender ETH,0.04887,0.021683277411461938,0.001059661767098145,0.001059661767098145
2024-07-29 19:00:00,Vender ETH,0.0492,0.021559751110847302,0.0010607397546536872,0.0010607397546536872
2024-07-29 23:00:00,Vender ETH,0.04968,0.021420431232909674,0.0010641670236509527,0.0010641670236509527
2024-07-30 02:00:00,Vender ETH,0.04985,0.021351665803590544,0.0010643805403089885,0.0010643805403089885
2024-07-30 05:00:00,Vender ETH,0.0498,0.021433357638118978,0.001067381210378325,0.001067381210378325
2024-07-30 12:00:00,Vender ETH,0.05031,0.02131352257145218,0.0010722833205697592,0.0010722833205697592
2024-07-30 14:00:00,Vender ETH,0.05017,0.02137725918201274,0.001072497093161579,0.001072497093161579
2024-07-30 17:00:00,Vender ETH,0.05002,0.021385784509702476,0.0010697169411753179,0.0010697169411753179
2024-07-30 22:00:00,Vender ETH,0.04951,0.021441510145827177,0.0010615691673199034,0.0010615691673199034
2024-07-31 01:00:00,Vender ETH,0.04952,0.021454510253029576,0.0010624273477300246,0.0010624273477300246
2024-07-31 05:00:00,Vender ETH,0.04989,0.021325318099759624,0.0010639201199970077,0.0010639201199970077
2024-07-31 09:00:00,Vender ETH,0.05009,0.02125714525468547,0.0010647704058071952,0.0010647704058071952
2024-07-31 17:00:00,Vender ETH,0.04972,0.021235947463246814,0.0010558513078726317,0.0010558513078726317
2024-07-31 22:00:00,Vender ETH,0.04991,0.02115934484714693,0.0010560629013211032,0.0010560629013211032
2024-08-01 05:00:00,Vender ETH,0.04954,0.02111281290126156,0.0010459287511284977,0.0010459287511284977
2024-08-01 08:00:00,Vender ETH,0.04935,0.021206990087763538,0.0010465649608311306,0.0010465649608311306
2024-08-01 10:00:00,Vender ETH,0.0494,0.021215588097124077,0.0010480500519979294,0.0010480500519979294
2024-08-01 15:00:00,Vender ETH,0.04955,0.021254310525206436,0.0010531510865239787,0.0010531510865239787
2024-08-01 19:00:00,Vender ETH,0.04937,0.0213231643353711,0.0010527246232372711,0.0010527246232372711
2024-08-01 22:00:00,Vender ETH,0.04923,0.02149294861652248,0.0010580978603914018,0.0010580978603914018
2024-08-02 00:00:00,Vender ETH,0.04921,0.02158942787984905,0.0010624157459673716,0.0010624157459673716
2024-08-02 02:00:00,Vender ETH,0.0491,0.02164661259102224,0.0010628486782191919,0.0010628486782191919
2024-08-02 04:00:00,Vender ETH,0.0491,0.021673097027308155,0.0010641490640408303,0.0010641490640408303
2024-08-02 07:00:00,Vender ETH,0.04906,0.021681928770188066,0.0010637154254654266,0.0010637154254654266
2024-08-02 17:00:00,Vender ETH,0.04796,0.021743978443692285,0.0010428412061594821,0.0010428412061594821
2024-08-02 19:00:00,Vender ETH,0.0481,0.021757588277894473,0.0010465399961667242,0.0010465399961667242
2024-08-03 05:00:00,Vender ETH,0.04823,0.021604871927471597,0.0010420029730619552,0.0010420029730619552
2024-08-03 11:00:00,Vender ETH,0.04841,0.021528987046734612,0.0010422182629324227,0.0010422182629324227
2024-08-03 18:00:00,Vender ETH,0.04821,0.021484606533342047,0.0010357728809724201,0.0010357728809724201
2024-08-03 21:00:00,Vender ETH,0.04804,0.021565123484747453,0.0010359885322072677,0.0010359885322072677
2024-08-04 00:00:00,Vender ETH,0.04798,0.02158759183595057,0.0010357726562889083,0.0010357726562889083
2024-08-04 02:00:00,Vender ETH,0.04798,0.021632678702775864,0.001037935924159186,0.001037935924159186
2024-08-04 05:00:00,Vender ETH,0.04795,0.021668808437561297,0.0010390193645810643,0.0010390193645810643
2024-08-04 08:00:00,Vender ETH,0.04798,0.021673328422633798,0.0010398862977179697,0.0010398862977179697
2024-08-04 12:00:00,Vender ETH,0.04788,0.021686888377851297,0.0010383682155315202,0.0010383682155315202
2024-08-04 14:00:00,Vender ETH,0.04807,0.021700485173072524,0.0010431423222695961,0.0010431423222695961
2024-08-04 16:00:00,Vender ETH,0.04792,0.02180937324418976,0.0010451051658615731,0.0010451051658615731
2024-08-04 19:00:00,Vender ETH,0.04655,0.022398310455670235,0.0010426413517114494,0.0010426413517114494
2024-08-04 21:00:00,Vender ETH,0.0467,0.022407937926315267,0.001046450701158923,0.001046450701158923
